Ident level;Class type;Class;Data property;Linked_Object;Description;"Data Type
(O - Object, D -DateTime, S - String, B - Boolean, I - Integer, Do - Double, L - Long, Du - Duration, Sub - Subtype)
";Optional or Mandatory;Cardinality;Enumeration;Enum values;Reference;Comment linked to version
0;Logistic Object;BookingOption;;;Booking details;O;;n;;;;
1;Logistic Object;BookingOption;bookingStatus;;Status of the Booking with regards to the step in the Quote & Book process: Quoted, Booked, …;S;O;1;Y;Quote, Pending, Booked, Cancelled, Rejected, Expired;X;
1;Logistic Object;BookingOption;carrier;Company;Carrier details;O;M;;;;;
1;Logistic Object;BookingOption;carrierProductInfo;Carrierproduct;Reference to the Carrier products included in the offer;O;;n;;;;
1;Logistic Object;BookingOption;consignee;Company;Consignee details;O;;;;;;
1;Logistic Object;BookingOption;event;Event;Events and statuses linked to the booking;O;;n;;;;
1;Logistic Object;BookingOption;freightForwarder;Company;Freight Forwarder details;O;M;;;;;
1;Logistic Object;BookingOption;latestAcceptanceTime;;Latest Acceptance time as per CargoIQ definition;D;;;;;;
1;Logistic Object;BookingOption;notifyParty;Company;Other parties to be notified of the booking evolution;O;;n;;;;
1;Logistic Object;BookingOption;offerValidFrom;;Starting datetime of availability of the booking option;D;;;;;;
1;Logistic Object;BookingOption;offerValidTo;;Ending datetime of availability of the booking option;D;;;;;;
1;Logistic Object;BookingOption;price;Price;Price of the Booking (if different from the offer);O;;;;;;
1;Logistic Object;BookingOption;requestRef;BookingOptionRequest;Reference to the Request;O;;;;;;change of datatype (name)
1;Logistic Object;BookingOption;requestMatchInd;;Indicates if the offer is a perfect match to the quote request (boolean);B;;;;;;
1;Logistic Object;BookingOption;routing;Routing;Routing details of the offer, to be compared with routing preferences of the quote request;O;;;;;;
1;Logistic Object;BookingOption;schedule;Schedule;Schedule details of the Booking Option (proposed or actual);O;;;;;;
1;Logistic Object;BookingOption;shipmentSecurityStatus;;Indicate the secruty state of the shipment, screened or not;S;;;Y;SCR, NCR;;
1;Logistic Object;BookingOption;shipmentDetails;Shipment;Details of the shipement that is to be shipped;O;;;;;;
1;Logistic Object;BookingOption;shipper;Company;Shipper details;O;;;;;;
1;Logistic Object;BookingOption;timeOfAvailibity;;Time of availability of the shipment as per CargoIQ definition;D;;;;;;
1;Logistic Object;BookingOption;totalTransitTime;;Total transit time as per CargoIQ definition;Du;;;;;;
1;Logistic Object;BookingOption;transportMovement;TransportSegment;Transport segment linked to the offer, including the Departure and Arrival locations;O;;;;;;
1;Logistic Object;BookingOption;waybillNumber;Waybill;Reference to the Waybill (House or Master);O;M;;;;;
0;Logistic Object;BookingOptionRequest;;;Request object, refers to the Quote request or Booking request ;O;;;;;;
1;Logistic Object;BookingOptionRequest;allotment;;Reference to the Allotment as per the contracts between forwarders and carriers;S;;;;;;
;Logistic Object;BookingOptionRequest;expectedCommodity;;Expected commodity for quote request purposes only. Tob e defined by MCD;S;;;;;;
1;Logistic Object;BookingOptionRequest;parties;OtherParty;Parties involved if known;O;;n;;;;
1;Logistic Object;BookingOptionRequest;ratingsPreference;Ratings;Ratings preferences of the request;O;;;;;;
;Logistic Object;BookingOptionRequest;requestedHandling;;Requested handling information for quote request purposes only;S;;;;;;
1;Logistic Object;BookingOptionRequest;requestType;;Identification of the request type: Quote or Booking;S;O;1;Y;Quote, Booking;;
1;Logistic Object;BookingOptionRequest;routingPreferences;Routing;Routing details that are part of the request, these details will be used to determine if the offer is a perfect match;O;;;;;;
1;Logistic Object;BookingOptionRequest;schedulePreferences;Schedule;Schedule preferences of the request;O;;;;;;
1;Logistic Object;BookingOptionRequest;shipmentSecurityStatus;;Indicate the secruty state of the shipment, screened or not;S;;;Y;SCR, NCR ;;
1;Logistic Object;BookingOptionRequest;shipmentDetails;Shipment;Details of the shipement that is to be shipped;O;;;;;;
1;Logistic Object;BookingOptionRequest;transportMovement;TransportSegment;Transport segment linked to the request, including the Departure and Arrival locations requested;O;;;;;;
1;Logistic Object;BookingOptionRequest;unitsPreferences;Value;Unit preferences of the request (e.g. kg or cm);O;;n;;;;Change of Object name and change of data property name
0;Logistic Object;CarrierProduct;;;Carrier product details;O;;;;;;
1;Logistic Object;CarrierProduct;productCode;;Carriers's product code;S;;;;;;
1;Logistic Object;CarrierProduct;productDescription;;Carriers's product description;S;;;;;;
0;Logistic Object;Characteristics;;;Product additional details;O;;n;;;;
1;Logistic Object;Characteristics;characteristicsType;;Product characteristic code - e.g. CLR - Color;S;;;;;;
1;Logistic Object;Characteristics;value;;Product characteristic value / attribute - e.g. Blue…;S;;;;;;
0;Logistic Object;CO2CalcMethod;;;CO2 Calculation methods;O;;n;;;;
1;Logistic Object;CO2CalcMethod;methodName;;Name of the CO2 calculation method;S;;;;;;
1;Logistic Object;CO2CalcMethod;methodVersion;;Version used for the calculation;S;;;;;;
0;Logistic Object;CO2Emissions;;;CO2 Calculation methods;O;;n;;;;
1;Logistic Object;CO2Emissions;calculatedEmissions;Value;CO2 emissions calculated;O;;;;;;
1;Logistic Object;CO2Emissions;methodName;;Name of the CO2 calculation method;S;;;;;;
1;Logistic Object;CO2Emissions;methodVersion;;Version used for the calculation;S;;;;;;
0;Logistic Object;CustomsInfo;;;Customs information details;O;;;;;;
1;Logistic Object;CustomsInfo;customsInfoContentCode;;Customs content code. Refer CXML Code List 1.100, e.g. IST - Security Textual StatementNumber, M - Movement Reference Number;S;;;N;CXML Code list 1.100;;
1;Logistic Object;CustomsInfo;customsInfoCountryCode;;Country code;S;;;N;ISO Country Code;;
1;Logistic Object;CustomsInfo;customsInformation;;Information for customs submission;S;;;;;;
1;Logistic Object;CustomsInfo;customsInfoSubjectCode;;"Customs subject code. Refer CXML Code List 1.19, e.g. IMP for import, EXP for export, AGT for Agent, ISS for The Regulated Agent Issuing the Security Status for a Consignment etc. 
 At least one of the three elements (Country Code, Information Identifier or Customs, Security and Regulatory Control Information Identifier) must be completed";S;;;N;CXML Code List 1.19;;
1;Logistic Object;CustomsInfo;customsNote;;Free text for customs remarks;S;;;;;;
0;Logistic Object;DgDeclaration;;;Dangerous Goods Declaration;O;;;;;;
1;Logistic Object;DgDeclaration;shipperDeclarationText;;Contains the shipper's declaration to comply with the regulations text note. Free text . This field is mandatory for air (Air);S;M;;;;;
1;Logistic Object;DgDeclaration;handlingInformation;;"Free text. This may include items such as ""Control temperature"" for substances stabilized by temperature control, name and telephone number of a responsible person for infectious substances. ";S;;;;;;
1;Logistic Object;DgDeclaration;exclusiveUseIndicator;;Indicates an exclusive use shipment ;B;;;;;;
1;Logistic Object;DgDeclaration;aircraftLimitationInformation;;"Contains the Special Handling Code related to the prescribed limitation. Hardcoded to ""PASSENGER AND CARGO AIRCRAFT"" or ""CARGO AIRCRAFT ONLY"" . This field is mandatory for air (Air) ";S;M;;;;;
1;Logistic Object;DgDeclaration;complianceDeclarationText;;Contains the warning message complying with the regulations text note. This field is mandatory for air (Air) ;S;M;;;;;
0;Logistic Object;DgRadioactiveIsotope;;;Details of the radioactive isotope contained in the product;O;;;;;;
1;Logistic Object;DgRadioactiveIsotope;isotopeId;;Id of each radionuclide or for mixtures of radionuclides. ;S;M;;;;;
1;Logistic Object;DgRadioactiveIsotope;isotopeName;;The name or symbol of each radionuclide or for mixtures of radionuclides, an appropriate general description, or a list of the most restrictive radionuclides. ;S;;;;;;
1;Logistic Object;DgRadioactiveIsotope;activityLevelMeasure;;Numeric expression of the activity of a radioactive Item ;S;;;;;;
1;Logistic Object;DgRadioactiveIsotope;physicalChemicalForm;;A description of the physical and chemical form of the material.;S;;;;;;
1;Logistic Object;DgRadioactiveIsotope;specialFormIndicator;;"A notation that the material is ""special form"" ";B;;;;;;
1;Logistic Object;DgRadioactiveIsotope;criticalitySafetyIndexNumeric;;"Applies to fissile material only, other than fissile excepted. A numeric value expressed to one decimal place preceded by the letters ""CSI"". ";S;;;;;;
1;Logistic Object;DgRadioactiveIsotope;lowDispersibleIndicator;;"A notation that the material is ""low dispersible radioactive material"". ";B;;;;;;
0;Logistic Object;DgProductRadioactive;;;Details of the radioactive products ;O;;;;;;
1;Logistic Object;DgProductRadioactive;dgRaTypeCode;;"The category of the package or ""all packed in one"". Complete text to be transmitted: ""I-White, II-Yellow, III-Yellow"" instead of ""I, II, III""";S;;;;;;
1;Logistic Object;DgProductRadioactive;transportIndexNumeric;;"Radioactive Transport-Index value of the package or ""all packed in one"". Conditionally mandator and applies to categories II-Yellow and III-Yellow only; field only contains the value, if printed, ""TI"" must be added as a prefix to the value  to be printed in the ""Packing Instructions"" column";I;;;;;;
1;Logistic Object;DgProductRadioactive;fissileExceptionIndicator;;Indicates if Fissile is excepted ;B;;;;;;
1;Logistic Object;DgProductRadioactive;fissileExceptionReference;;Fissile exception reference, mandatory if Fissile Exception Indicator is true;S;;;;;;
1;Logistic Object;DgProductRadioactive;isotopes;DgRadioactiveIsotope;;O;;n;;;;
0;Logistic Object;EpermitConsignment;;;Details of the pieces (Live animals) of the permit and specific information such as quantity measured and used to date quota;O;;;;;;
1;Logistic Object;EpermitConsignment;consignementItems;PieceLiveAnimals;Reference to the pieces (Live animals) of the permit;O;M;1;;;;
1;Logistic Object;EpermitConsignment;examiningQuantity;Value;Quantity measured by examining authority (box 14);O;O;1;;;;
1;Logistic Object;EpermitConsignment;usedToDateQuotaQuantity;;total number of specimens exported in the current calendar year and the current annuela quota for the species concerned (box 11a);I;O;1;;;;
0;Logistic Object;EpermitSignature;;;Details of the pieces (Live animals) of the permit and specific information such as quantity measured and used to date quota;O;;;;;;
1;Logistic Object;EpermitSignature;securityStampId;;Security stamp ID;S;O;1;;;;
1;Logistic Object;EpermitSignature;signatoryCompany;Company;Signatory company name;O;M;1;;;;
1;Logistic Object;EpermitSignature;signatoryRole;;Role of the signatory with regards to the ePermit: Applicant, Permit issuer, Issuing Authority or Examining authority;S;M;1;Y;Applicant, Permit issuer, Issuing Authority or Examining authority;;
1;Logistic Object;EpermitSignature;signatureDate;;Date and time f the signature;D;M;1;;;;
1;Logistic Object;EpermitSignature;signatureStatement;;Signatory signature authentication text;S;O;1;;;;
1;Logistic Object;EpermitSignature;signatureTypeCode;;Code specifying a type of government action such asinspection, detention, fumigation, security.;S;O;1;;;;
0;Logistic Object;Insurance;;;Insurance details;O;;n;;;;
1;Logistic Object;Insurance;coveringParty;Company;Party covering the insurance ;O;;;;;;
1;Logistic Object;Insurance;insuranceAmount;Value;Insured amount - amount covered by the insurance policy;O;;;;;;
1;Logistic Object;Insurance;insuredShipment;Shipment;Reference to the shipment insured;O;M;;;;;
0;Logistic Object;IotDevice;;;Connected Device details;O;;;;;;
1;Logistic Object;IotDevice;associatedObject;;Reference of the Logistic Object to which the Connected Device is linked (URI);S;O;1;;;;
1;Logistic Object;IotDevice;deviceDescription;;Natural language description of the device. It can describe how and where the device is attached.;S;;1;;;;
1;Logistic Object;IotDevice;deviceManufacturer;Company;Manufacturer of the device;O;;1;;;;
1;Logistic Object;IotDevice;deviceModel;;Commercial denomination of the device;S;;1;;;;
1;Logistic Object;IotDevice;deviceName;;Name of the device defined by the device's owner;S;;1;;;;
1;Logistic Object;IotDevice;sensors;Sensor;Reference to the sensors linked to the device;O;;n;;;;
1;Logistic Object;IotDevice;deviceSerialNumber;;Serial number that allows to uniquely identify the device;S;;1;;;;
0;Logistic Object;Item;;;Item details;O;;n;;;;
1;Logistic Object;Item;batchNumber;;Production batch number / reference;S;;;;;;
1;Logistic Object;Item;dimensions;Dimensions;Dimensions of the item;O;;;;;;
1;Logistic Object;Item;event;Event;Event details e.g. DEP, ARR, FOH, RCS, security screening, etc;O;;n;;;;
1;Logistic Object;Item;isInPiece;Piece;URI of the PIECE that contains the Item;O;;;;;;
1;Logistic Object;Item;lotNumber;;Production lot number / reference;S;;;;;;
1;Logistic Object;Item;otherIdentifier;OtherIdentifier;Other identifier details;O;;n;;;;
1;Logistic Object;Item;product;Product;URI of the Product ;O;M;;;;;
1;Logistic Object;Item;productExpiryDate;;Product expiry date - e.g. for perishables goods or goods with programmed obsolescence;D;;;;;;
1;Logistic Object;Item;productionCountry;Country;Production country details;O;;;;;;
1;Logistic Object;Item;productionDate;;Production date;D;;;;;;
1;Logistic Object;Item;quantity;Value;Quantity of the item when applicable, witth associateddd units of measure;O;;;;;;
1;Logistic Object;Item;quantityForUnitPrice;;Product quantity for unit price - e.g. 12 (eggs for one USD 1);Do;;;;;;
1;Logistic Object;Item;targetCountry;Country;Item target country;O;;;;;;
1;Logistic Object;Item;unitPrice;Value;Product price per unit in the base currency;O;;;;;;
1;Logistic Object;Item;weight;Value;Weight of the item;O;;;;;;
0;Logistic Object;ItemDg;;;Dangerous Goods subtype of Item;Sub;;;;;;
1;Logistic Object;ItemDg;supplementaryInfoPrefix;;Additional information that may be added in addition to the proper shipping name to more fully describe the goods or to identify a particular condition;S;;;;;;
1;Logistic Object;ItemDg;supplementaryInfoSuffix;;Additional information that may be added in addition to the proper shipping to more fully describe the goods or to identify a particular condition;S;;;;;;
1;Logistic Object;ItemDg;netWeightMeasure;Value;The total net weight of dangerous goods transported of this line item. For air transport the value must be the volume or mass in each package.;O;M;;;;;
1;Logistic Object;ItemDg;reportableQuantity;;Reportable quantities, To and from the USA only ;S;;;;;;
1;Logistic Object;ItemDg;emergencyContact;Person;Contains the Emergency contact name (e.g. the name of the agency) and phone number (min required);O;M;;;;;
0;Logistic Object;LiveAnimalsEpermit;;;Epermit for Live Animals details;O;;;;;;
1;Logistic Object;LiveAnimalsEpermit;consignee;Company;Consignee company details, including complete name and address (box 3);O;M;1;;;;
1;Logistic Object;LiveAnimalsEpermit;consignments;EpermitConsignment;Reference to the pieces and properties linked to the Permit (box 7 to 12);O;M;n;;;;
1;Logistic Object;LiveAnimalsEpermit;permitCopyIndicator;;Indicates if the permit is a copy (true) or an original (false) (box 1);B;M;1;;;;
1;Logistic Object;LiveAnimalsEpermit;permitNumber;;The original number is a unique number allocated to each document by the relevant Management Authority. (box 1);S;M;1;;;;
1;Logistic Object;LiveAnimalsEpermit;permitTypeCode;;Code specifying the document name. (box 1);S;M;1;Y;Export, Re-export, Import, Other;;
1;Logistic Object;LiveAnimalsEpermit;permitTypeOther;;Description if TypeCode is Other (box 1);S;O;1;;;;
1;Logistic Object;LiveAnimalsEpermit;permitValidfrom;;Permit Valid from (box 2);D;O;1;;;;
1;Logistic Object;LiveAnimalsEpermit;permitValidUntil;;Permit Valid until (box 2);D;O;1;;;;
1;Logistic Object;LiveAnimalsEpermit;signatures;EpermitSignature;List of all the signatures of the Epermit (applicant box 4, issuing authority box 6, issuer box 13 and examining authority box 14);O;M;n;;;;
1;Logistic Object;LiveAnimalsEpermit;specialConditions;;Special conditions (box 5);S;O;1;;;;
1;Logistic Object;LiveAnimalsEpermit;transactionPurposeCode;;Code indicating the purpose of the transaction (box 5a);S;M;1;Y;T, Z, Q, S, H, P, M, E, N, B, L;;
1;Logistic Object;LiveAnimalsEpermit;transactionPurposeText;;Purpose of the transaction in free text (box 5a);S;O;1;;;;
1;Logistic Object;LiveAnimalsEpermit;transportContractId;;Reference to the Air Waybill or other transport contract document (box 15);S;M;1;;;;
1;Logistic Object;LiveAnimalsEpermit;transportContractTypeCode;;Code specifying the transport document name (box 15);S;M;1;;;;
0;Logistic Object;PackagingType;;;Packaging details ;O;;;;;;
1;Logistic Object;PackagingType;typeCode;;"Packaging type identifier as per UNECE Rec 21 Annex V and VI e.g. 1A - Drum, steel - Packaging material code
Identifies the Logistic Unit package type. UN Recommendation on Transport of Dangerous Goods, Model Regulations ";S;M;;;https://www.unece.org/fileadmin/DAM/cefact/recommendations/rec21/rec21rev1_ecetrd195e.pdf;;Change of cardinality: Mandatory
1;Logistic Object;PackagingType;description;;Free Text. Describes the package type.;S;O;;;;;
0;Logistic Object;Piece;;;Individual piece or virtual grouping of pieces;O;;n;;;;
1;Logistic Object;Piece;coload;;Coload indicator for the pieces (boolean);B;;;;;;
1;Logistic Object;Piece;containedItems;Item;Reference to the item(s) contained in the piece;O;;n;;;;
1;Logistic Object;Piece;containedPiece;Piece;Details of contained piece(s);O;;n;;;;
1;Logistic Object;Piece;customsInfo;CustomsInfo;Customs details  ;O;;n;;;;
1;Logistic Object;Piece;declaredValueForCarriage;;The value of a shipment declared for carriage purposes , NVD if no value declared;S;;;;;;
1;Logistic Object;Piece;declaredValueForCustoms;;The value of a shipment declared for customs purposes , NVD if no value declared;S;;;;;;
1;Logistic Object;Piece;dimensions;Dimensions;Dimensions details;O;;;;;;
1;Logistic Object;Piece;dgDeclaration;DgDeclaration;Reference to the Dangerous Goods declaration;O;;;;;;
1;Logistic Object;Piece;event;Event;Event details e.g. DEP, ARR, FOH, RCS, security screening, customs status, etc.;O;;n;;;;
1;Logistic Object;Piece;externalReference;ExternalReference;Reference documents details ;O;;n;;;;
1;Logistic Object;Piece;goodsDescription;;General goods description;S;M;;;;;
1;Logistic Object;Piece;grossWeight;Value;Weight details ;O;M;;;;;
1;Logistic Object;Piece;loadType;;Specify how the piece will be delivered (bulk or ULD);S;;;Y;Bulk, ULD, Pallet;;
1;Logistic Object;Piece;otherIdentifier;OtherIdentifier;Other piece identification ( e.g. Shipping Marks, Seal);O;;n;;;;
1;Logistic Object;Piece;otherParty;Company;Other party company details - e.g. the party to be notified >> should be at Booking level only?;1;Logistic Object;Piece;;;;
1;Logistic Object;Piece;packageMarkCoded;;"Reference identifying how the package is marked. Field is hardcode to ""SSCC-18"", ""UPC"" or ""Other"" ";S;;1;;;;
1;Logistic Object;Piece;packagedeIdentifier;;SSCC-18 code for the value of the package mark, company or bar code, free text, pallet code, etc. ;S;;1;;;;
1;Logistic Object;Piece;packagingType;PackagingType;Packaging details ;O;;;;;;
1;Logistic Object;Piece;product;Product;Product of the piece, mandatory when there are no items;O;;n;;;;
1;Logistic Object;Piece;productionCountry;Country;Goods production country, mandatory when there are no Items;O;;n;;;;
1;Logistic Object;Piece;securityStatus;SecurityDeclaration;Security details  ;O;;;;;;
1;Logistic Object;Piece;serviceRequest;ServiceRequest;Service Requests;O;;n;;;;
1;Logistic Object;Piece;shipper;Company;Shipper company details - e.g. the party shipping the piece >> should be at Booking level only?;O;;;;;;
1;Logistic Object;Piece;shippingMarks;;;;;;;;;
1;Logistic Object;Piece;slac;;Shipper's Load And Count  ( total contained piece count as provided by shipper);I;;;;;;
1;Logistic Object;Piece;specialHandling;SpecialHandling;Special Handling details  ;O;;n;;;;
1;Logistic Object;Piece;stackable;;Stackable indicator for the pieces (boolean);B;;;;;;
1;Logistic Object;Piece;transportSegment;TransportSegment;Transport segments related to the piece(s);O;;n;;;;
1;Logistic Object;Piece;turnable;;Turnable indicator for the pieces (boolean);B;;;;;;
1;Logistic Object;Piece;uldReference;ULD;ULD on which the (virtual) piece has been loaded into - URIs of the ULD;O;;;;;;
1;Logistic Object;Piece;upid;;Unique Piece Identifier (UPID) of the piece (Refer IATA Recommended Practice 1689) or URI if virtual grouping of pieces;S;;;;;;
1;Logistic Object;Piece;volumetricWeight;VolumetricWeight;Volumetric weight details ;O;M;;;;;
0;Logistic Object;PieceLiveAnimals;;Piece;Live Animals subtype of Piece;Sub;;;;;;
1;Logistic Object;PieceLiveAnimals;acquisitionDatetime;;Defined in Resolution Conf. 13.6 and is required for pre-Convention specimens (box 12b);D;O;1;;;;
1;Logistic Object;PieceLiveAnimals;annualQuotaQuantity;;total number of specimens exported in the current calendar year and the current annuela quota for the species concerned (box 11a);I;O;1;;;;
1;Logistic Object;PieceLiveAnimals;categoryCode;;Operations code ID. Refers to the number of the registered captive-breeding or artifical propagation operation (box 12b);S;O;n;;;;
1;Logistic Object;PieceLiveAnimals;associatedEpermit;EpermitConsignment;Reference to the permits associated with the Live Animals;O;O;1;;;;
1;Logistic Object;PieceLiveAnimals;exportTradeCountry;Country;Country of last re-export (box 12a);O;O;1;;;;
1;Logistic Object;PieceLiveAnimals;goodsTypeCode;;Appendix number of the convention (I, II or III) (box 10);S;M;1;;;;
1;Logistic Object;PieceLiveAnimals;goodsTypeExtensionCode;;Source of the appendix number (box 10);S;M;1;Y;W, R, D, A, C, F, U, I, O;;
1;Logistic Object;PieceLiveAnimals;originReferencePermitDatetime;;Issuing date for Origin reference permit or re-export reference Certificate (box 12);D;O;1;;;;
1;Logistic Object;PieceLiveAnimals;originReferencePermitId;;identifier of Origin reference permit or re-export reference Certificate (box 12/12a);S;O;1;;;;
1;Logistic Object;PieceLiveAnimals;originReferencePermitTypeCode;;identifier of Origin reference permit or re-export reference Certificate (box 12/12a);S;O;1;;;;
1;Logistic Object;PieceLiveAnimals;originTradeCountry;Country;country of origin (box 12);O;O;1;;;;
1;Logistic Object;PieceLiveAnimals;quantityAnimals;;Quantity including units (box 11);I;O;1;;;;
1;Logistic Object;PieceLiveAnimals;speciesCommonName;;Species common name (box 8);S;O;n;;;;
1;Logistic Object;PieceLiveAnimals;speciesScientificName;;Species scientific name (box 7);S;O;n;;;;
1;Logistic Object;PieceLiveAnimals;specimenDescription;;Description of specimens, including age and sex if LA (box 9);S;O;1;;;;
1;Logistic Object;PieceLiveAnimals;specimenTypeCode;;Description of specimens, CITES type code (box 9);S;O;1;;;;
0;Logistic Object;PieceDg;;Piece;Dangerous Goods subtype of Piece;Sub;;;;;;
1;Logistic Object;PieceDg;allPackedInOneIndicator;;"A statement identifying that the dangerous goods listed above are all contained in the same outer packaging. Takes the form ""All packed in one aaaa (description of packaging type) x nn (number of packages)"". Applies to air transport only. (Air) ";B;;;;;;
1;Logistic Object;PieceDg;dgDeclaration;DgDeclaration;Reference to the Dangerous Goods declaration;O;;;;;;
1;Logistic Object;PieceDg;qValueNumeric;;"Most instances of ""all packed in one"" will require the addition of the Q value which ? 1. Applies to air transport only. (Air) ";Do;;;;;;
1;Logistic Object;PieceDg;overpackIndicator;;Overpack indicator;B;;;;;;
1;Logistic Object;PieceDg;overpackTypeCode;;Identifies the Logistic Unit package type. UN Recommendation on Transport of Dangerous Goods, Model Regulations ;S;;;;;;
1;Logistic Object;PieceDg;overpackCriticalitySafetyIndexNumeric;;"Applies to fissile material only, other than fissile excepted. A numeric value expressed to one decimal place preceded by the letters ""CSI"". ";S;;;;;;
1;Logistic Object;PieceDg;overpackT1;;A single number assigned to a package, overpack or freight container to provide control over radiation exposure. ;S;;;;;;
0;Logistic Object;Price;;;Price asociated to the offer/booking;O;;;;;;
1;Logistic Object;Price;bookingOption;BookingOption;Reference to the Booking or Offer;O;;;;;;change of datatype (name)
1;Logistic Object;Price;carrierChargeCode;;Charge code for carrier, eg. CA, CB, …;S;;;;;;
1;Logistic Object;Price;grandTotal;Value;Total price;Do;;;;;;
1;Logistic Object;Price;ratings;Ratings;Rating used for pricing;O;;;;;;
1;Logistic Object;Price;validTo;;Terms of validity;D;;;;;;
0;Logistic Object;Product;;;Product details;O;;n;;;;
1;Logistic Object;Product;characteristics;Characteristics;Charateristics of the product;O;;;;;;
1;Logistic Object;Product;hsCode;;"Reference identifying the type of standard code to be used for the Commodity Classification (Brussels Tariff Nomenclature, EU Harmonized System Code, UN Standard International Trade Classification) 
Mandatoryif the commodity code is more than 6 digits";S;M;;;https://www.exportimportstatistics.com/know-your-ITC-HS-Code.aspx;;
1;Logistic Object;Product;hsCommodityDescription;;Commodity description;S;M;;;;;
1;Logistic Object;Product;hsCommodityName;;If no Code provided, name of commodity;S;;n;;;;
1;Logistic Object;Product;hsType;;Issuer of the Commodity Code - e.g. Brussels Tariff Nomenclature, EU Harmonized System Code, UN Standard International Trade…;S;M;;;;;
1;Logistic Object;Product;manufacturer;Company;Manufacturing company details and contacts;O;;;;;;
1;Logistic Object;Product;otherIdentifier;OtherIdentifier;Other product identifier (e.g. Bar code, UPC, EAN, Amazon…);O;;n;;;;
1;Logistic Object;Product;productDescription;;Product description;S;;;;;;
1;Logistic Object;Product;productIdentifier;;Manufacturer's unique product identifier;S;;;;;;
1;Logistic Object;Product;commodityItemNumber;;Indicates the specific commodity on which the rate class code is applied ;S;;;;;;
0;Logistic Object;ProductDg;;Product;Dangerous Goods subtype of Product;Sub;;;;;;
1;Logistic Object;ProductDg;unNumber;;Reference identifying the United Nations Dangerous Goods serial number assigned within the UN to substances and articles contained in a list of the dangerous goods most commonly carried. e.g. 1189 - Ethylene glycol monomethyl ether acetate;S;;;;;;
1;Logistic Object;ProductDg;technicalName;;This is additional chemical name(s) required for some proper shipping names. When added the technical must be shown in parentheses immediately following the proper shipping name. ;S;;;;;;
1;Logistic Object;ProductDg;properShippingName;;The name used to describe the particular article or substance as shown in the UN Model Regulations Dangerous Goods List ;S;;;;;;
1;Logistic Object;ProductDg;explosiveCompatibilityGroupCode;;Specifies the reference to the group which identifies the kind of substances and articles that are deemed to be compatible. Mandatory field in case of transport of explosive articles or substances ;S;;;;;;
1;Logistic Object;ProductDg;packagingDangerLevelCode;;Packing group, If used must reference I, II or III ;S;;;;;;
1;Logistic Object;ProductDg;packingInstructionNumber;;"The packing instruction number applicable to the UN number / proper shipping name entry. A three-numeric value which may be preceded by the letter ""Y"".  Mandatory field for air transport (Air) ";S;;;;;;
1;Logistic Object;ProductDg;hazardClassificationId;;Identifies the hazard class / division identification containing a numeric field separated by a decimal ;S;;;;;;
1;Logistic Object;ProductDg;additionalHazardClassificationId;;Identifies the subsidiary hazard class / division identification containing a numeric field separated by a decimal. There may be 0, 1 or 2 subsidiary risk classes or divisions. If there is more than one, each should be separated by a comma. The subsidiary risk must be shown in parentheses. ;S;;;;;;
1;Logistic Object;ProductDg;specialProvisionId;;For Air Mode: Special Provision may show a single, double or triple digit number preceded by the letter “A”, against appropriate entries in the List of Dangerous Goods;S;;;;;;
1;Logistic Object;ProductDg;authorizationInformation;;Contains additional information relating to an approval, permission or other specific detail applicable to the commodity (e.g. Dangerous Goods in excepted quantities) ;S;;;;;;
1;Logistic Object;ProductDg;dgRadioactiveMaterial;DgProductRadioactive;;O;;n;;;;
0;Logistic Object;Ranges;;;Ranges;O;;;;;;
1;Logistic Object;Ranges;amount;;Amount;Do;;;;;;
1;Logistic Object;Ranges;maximumQuantity;;Maximum quantity;Do;;;;;;
1;Logistic Object;Ranges;minimumQuantity;;Minimum quantity;Do;;;;;;
1;Logistic Object;Ranges;rateClassCode;;rate class code e.g. Q;S;;;Y;see with MCD;x;
1;Logistic Object;Ranges;ratingType;;rating type - list uldRatingType;S;;;Y;see with MCD;x;
1;Logistic Object;Ranges;scr;;Specific commodity code linked to commodity;S;;;;see with MCD;;
1;Logistic Object;Ranges;unitBasis;;Unit basis e.g. Chargeable Weight;S;;;Y;see with MCD;x;
0;Logistic Object;Ratings;;;Ratings  details;O;;;;;;
1;Logistic Object;Ratings;chargeCode;;Code of the charge e.g. MY, SC, etc.;S;;;;;x;
1;Logistic Object;Ratings;chargeDescription;;Description of the charge e.g. Airfreight, fuel, etc.;S;;;;;x;
1;Logistic Object;Ratings;chargePaymentType;;Indicates if charge is prepaid or collect (S, P);S;;;;;;
1;Logistic Object;Ratings;chargeType;;Type of charge e.g. Freight, Surcharges, etc.;S;;;;;x;
1;Logistic Object;Ratings;priceSpecification;;Specification of the price e.g. Street, Group, Spot, etc.;S;;;Y;see with MCD;x;
1;Logistic Object;Ratings;priceSpecificationRef;;Reference of price specifications;S;;;;;;
1;Logistic Object;Ratings;ranges;Ranges;Reference to the ranges ;O;;n;;;;
1;Logistic Object;Ratings;rcp;;IATA 3-letter code of the rate combination point;S;O;;;;;
1;Logistic Object;Ratings;subTotal;Value;Subtotal of the charge;Do;;;;;;
0;Logistic Object;Routing;;;Routing  details;O;;;;;;
1;Logistic Object;Routing;aircraftPossibilityCode;;Aircraft possibility codes as per CXML Code List 1.46;S;;;;;;
1;Logistic Object;Routing;latestArrivalDateTime;;Latest Arrival date time (requested or proposed);D;;;;;;
1;Logistic Object;Routing;maxConnections;;Maximum number of connections of the transport movement (requested or proposed);I;;;;;;
1;Logistic Object;Routing;onlineInd;;Indicates interlining (requested or proposed);B;;;;;;
1;Logistic Object;Routing;rfsInd;;Indicates if RFS (Road Feeder Services) is included (requested or proposed);B;;;;;;
0;Logistic Object;Schedule;;;Routing  details;O;;;;;;
1;Logistic Object;Schedule;earliestAcceptanceTime;;Earliest acceptance date time (requested or proposed);D;;;;;;
1;Logistic Object;Schedule;latestAcceptanceTime;;Latest Acceptance time as per CargoIQ definition (requested, proposed or actual);D;;;;;;
1;Logistic Object;Schedule;timeOfAvailibity;;Time of availability of the shipment as per CargoIQ definition;D;;;;;;
1;Logistic Object;Schedule;totalTransitTime;;Total transit time as per CargoIQ definition;Du;;;;;;
0;Logistic Object;SecurityDeclaration;;;Security status details;O;;;;;;
1;Logistic Object;SecurityDeclaration;issuedBy;Person;Name of person (or employee ID) who issued the security status;O;M;;;;;
1;Logistic Object;SecurityDeclaration;issuedOn;;Date and time when the security status was issued;D;M;;;;;
1;Logistic Object;SecurityDeclaration;piece;Piece;Piece linked to the Security Declaration;O;;;;;;
1;Logistic Object;SecurityDeclaration;regulatedEntityIssuer;RegulatedEntity;Regulated entity issuing the Security Declaration;O;M;;;;;
1;Logistic Object;SecurityDeclaration;receivedFrom;RegulatedEntity;Regulated entity that tendered the consignment;O;;;;;;
1;Logistic Object;SecurityDeclaration;otherRegulatedEntity;RegulatedEntity;Any other regulated entity that accepts custody of the cargo and accepts the security status originally issued;O;;n;;;;
1;Logistic Object;SecurityDeclaration;additionalSecurityInformation;;Any additional information that may be required by an ICAO Member State;S;;;;;;
1;Logistic Object;SecurityDeclaration;securityStatus;;Security status indicator (CXML 1.103) - e.g. SPX- Cargo Secure for Passenger and All-Cargo Aircraft ;S;M;;;Security status indicator (CXML 1.103) ;;
1;Logistic Object;SecurityDeclaration;groundsForExemption;;Exemption code - e.g. BIOM- Bio-Medical Samples ;S;;n;;https://www.efreight.ch/web_doc/IATA-e-AWB/OCICompositionRuleTable.pdf;https://www.efreight.ch/web_doc/IATA-e-AWB/OCICompositionRuleTable.pdf;
1;Logistic Object;SecurityDeclaration;otherScreeningMethods;;Other methods used to secure the cargo;S;;n;;;;
1;Logistic Object;SecurityDeclaration;screeningMethod;;Screening methods which have been used to secure the cargo - e.g. EDS- Explosive Detection System ;S;;n;;ICAO List;;
0;Logistic Object;Sensor;;;Sensor details and measurements, linked to Connected Devices;O;;n;;;;
1;Logistic Object;Sensor;iotDevice;IotDevice;Reference to the IoT Device to which the sensor is linked;O;M;1;;;;
1;Logistic Object;Sensor;sensorDescription;;Natural language description of the sensor;S;;1;;;;
1;Logistic Object;Sensor;sensorName;;Name of the sensor defined by the sensor's manufacturer;S;;1;;;;
1;Logistic Object;Sensor;sensorSerialNumber;;Serial number that allows to uniquely identify the sensor;S;;1;;;;
1;Logistic Object;Sensor;sensorType;;Type of sensor as described in Interactive Cargo RP;S;;1;;;;
0;Logistic Object;SensorGeoloc;;;"Sensor measurements details for Geolocation sensors (sensorType = ""Geolocation"")";Sub;;n;;;;
1;Logistic Object;SensorGeoloc;val;MeasurementsGeoloc;Reference to the measurements recorded by the geolocation sensor;O;;n;;;;
0;Logistic Object;SensorOther;;;"Sensor measurements details for sensors other than Geolocation sensors (sensorType != ""Geolocation"")";Sub;;n;;;;
1;Logistic Object;SensorOther;val;MeasurementsOther;Reference to the measurements recorded by the sensor;O;;n;;;;
0;Logistic Object;ServiceRequest;;;Service request details;O;;n;;;;
1;Logistic Object;ServiceRequest;code;;Service request code;S;;;;;;
1;Logistic Object;ServiceRequest;description;;Service request description;S;;;;;;
1;Logistic Object;ServiceRequest;statementText;;Service request statement text;S;;;;;;
1;Logistic Object;ServiceRequest;statementType;;Service request statement type - e.g. Dangerous Goods, Lithium Ion Battery, Live Animal Certificate;S;;n;;;;
0;Logistic Object;Shipment;;;Shipment details;O;;;;;;
1;Logistic Object;Shipment;containedPiece;Piece;Details of contained piece(s);O;;;;;;
1;Logistic Object;Shipment;dimensions;Dimensions;Dimensions details;O;;n;;;;
1;Logistic Object;Shipment;externalReference;ExternalReference;Reference documents details;O;;n;;;;
1;Logistic Object;Shipment;goodsDescription;;General goods description;S;;;;;;
1;Logistic Object;Shipment;deliveryDate;;The date at which the delivery is supposed to happen. Format is YYYYMMDD. ;D;O;;;;;
1;Logistic Object;Shipment;deliveryLocation;Location;Name and UN/LOCODE code of the point or port of departure, shipment or destination, as required under the applicable delivery term ;O;O;;;;;
1;Logistic Object;Shipment;incoterms;;Standard codes as defined by UNCEFACT & ICC that correspond to international rules for the interpretation of the most commonly used trade terms in different countries. UNECE recommendation n. 5 Incoterms 2000. ;S;O;;;;;
1;Logistic Object;Shipment;insurance;Insurance;Insurance details;O;;;;;;
1;Logistic Object;Shipment;otherChargesIndicator;;payment of Other Charges will be made at origin (prepaid) or at destination (collect) ;B;;;Y;P, C;;
1;Logistic Object;Shipment;totalGrossWeight;Value;Weight details ;O;M;;;;;
1;Logistic Object;Shipment;totalPieceCount;;Total piece count of pieces (at top level);I;;;;;;
1;Logistic Object;Shipment;totalSlac;;Total SLAC of all piece groups ;I;;;;;;
1;Logistic Object;Shipment;volumetricWeight;VolumetricWeight;Volumetric weight details ;O;M;n;;;;
1;Logistic Object;Shipment;waybillNumber;Waybill;Waybill unique identifier (AWB or HWB);O;M;;;;;
1;Logistic Object;Shipment;weightValuationIndicator;;payment for the Weight/Valuation will be made at origin (prepaid) or at destination (collect) ;B;;;Y;P, C;;
0;Logistic Object;SpecialHandling;;;Special handling details;O;;n;;;;
1;Logistic Object;SpecialHandling;code;;Special handling code following IATA standards. Refer CXML1.16,  e.g. PEP - Fruits and Vegetables;S;;;N;CXML1.16;;
1;Logistic Object;SpecialHandling;handlingText;;Special handling text;S;;;N;CXML1.16;;
0;Logistic Object;TransportMeans;;;Transport means details;O;;n;;;;
1;Logistic Object;TransportMeans;transportCompany;Company;Company operating the transport means;O;;;;;;
1;Logistic Object;TransportMeans;transportSegment;TransportSegment;Associated transport segment;O;;;;;;
1;Logistic Object;TransportMeans;typicalCO2Coefficient;Value;Required for some CO2 calculations;O;;;;;;
1;Logistic Object;TransportMeans;typicalFuelConsumption;Value;Typical fuel comsumption (e.g. 20 000L / 1 000nm);O;;;;;;
1;Logistic Object;TransportMeans;vehicleRegistration;;Vehicle identification - e.g. aircraft registration number;S;;;;;;
1;Logistic Object;TransportMeans;vehicleSize;;Size of the vehicle - free text;S;;;;;;
1;Logistic Object;TransportMeans;vehicleType;;Vehicle or container type. Refer UNECE28, e.g. 4.00.0 - Aircraft, type unknown;S;;;;Refer UNECE28;;
0;Logistic Object;TransportSegment;;;Transport segment details;O;;n;;;;
1;Logistic Object;TransportSegment;arrivalLocation;Location;Arrival location details;O;;;;;;
1;Logistic Object;TransportSegment;arrivalDate;;Arrival date and time. Actual or planned depends on the movementType property;D;;;;;;
1;Logistic Object;TransportSegment;cO2CalculationMethod;CO2CalcMethod;Method of calculation of the CO2 emissions;O;;;;;;
1;Logistic Object;TransportSegment;cO2Emissions;CO2Emissions;Amount of CO2 emitted (e.g. 34 kg/km);O;;;;;;change of datatype
1;Logistic Object;TransportSegment;departureLocation;Location;Departure location details;O;;;;;;
1;Logistic Object;TransportSegment;departureDate;;Departure date and time. Actual or planned depends on the movementType property;D;;;;;;
1;Logistic Object;TransportSegment;distanceCalculated;Value;Distance calculated if distance measured is not available;O;;;;;;
1;Logistic Object;TransportSegment;distanceMeasured;Value;Distance based on really measured distance (with IOT-devices), or is it a calculated value?;O;;;;;;
1;Logistic Object;TransportSegment;event;Event;Event linked to the transport segment;O;;n;;;;
1;Logistic Object;TransportSegment;externalReference;ExternalReference;Reference to document or logistics object (URI);O;;;;;;
1;Logistic Object;TransportSegment;fuelAmountCalculated;Value;calculated fuel consumption, if measured not available;O;;;;;;
1;Logistic Object;TransportSegment;fuelAmountMeasured;Value;actually measured fuel consumption;O;;;;;;
1;Logistic Object;TransportSegment;fuelType;;e.g. Kerosene, Diesel, SAF, Electricity [renewable], Electricity [non-renewable];S;;;;;;
1;Logistic Object;TransportSegment;modeCode;;Mode of transport code. Refer UNECE Recommendation N. 19 - Code for Modes of Transport,  e.g. 4 - Air transport;S;;;Y;0 -, 1 - Martitime transport, 2 - Rail transport, 3 - Road transport, 4 - Air transport, 5 - Mail, 6 - Multimodal transport, 7 - Fixed transport, 8 - Inland water transport, 9 - Mode unknown;https://www.unece.org/fileadmin/DAM/cefact/recommendations/rec19/rec19_ecetrd138.pdf;
1;Logistic Object;TransportSegment;modeQualifier;;Pre-Carriage, Main-Carriage or On-Carriage;S;;1;Y;Pre-Carriage, Main-Carriage, On-Carriage;;
1;Logistic Object;TransportSegment;movementType;;Refers to the type of movement: Actual or planned;S;;1;Y;Actual, Planned;;
1;Logistic Object;TransportSegment;payload;Value;Actual payload for the transport;O;;;;;;
1;Logistic Object;TransportSegment;transportedPieces;Piece;Pieces assigned to the transport segment;O;;n;;;;
1;Logistic Object;TransportSegment;transportedUlds;ULD;ULDs assigned to the transport segment;O;;;;;;
1;Logistic Object;TransportSegment;seal;;Seal identifier;S;;;;;;
1;Logistic Object;TransportSegment;segmentLevel;;Identification of the segment level in the movement of the pieces: contractual, flight leg, truck movement, etc.;S;;1;Y;Contractual, Flight leg, Warehouse movement, Other movement;x;
1;Logistic Object;TransportSegment;transportIdentifier;;Airline flight number, or rail /  truck / maritime line id;S;;;;;;
1;Logistic Object;TransportSegment;transportMeans;TransportMeans;Transport company details;O;;;;;;
1;Logistic Object;TransportSegment;transportMeansOperator;Person;Name of the person operating the transport means (e.g. aircraft captain, truck driver);O;;n;;;;
0;Logistic Object;ULD;;;Unit Load Device details;O;;;;;;
1;Logistic Object;ULD;ataDesignator;;US / ATA Unit Load Device type code e.g. M2;S;;;;;;
1;Logistic Object;ULD;damageFlag;;Indicates if the ULD is Damaged ;B;M;;;;;
1;Logistic Object;ULD;demurrageCode;;Contains three designator of demurrage code, refer to RP 1654 (BCC, HHH, XXX, ZZZ);S;M;;;https://www.uldcare.com/wp-content/uploads/2016/12/B08.pdf;;
1;Logistic Object;ULD;event;Event;Event details e.g. DEP, ARR, FOH, RCS, security screening, etc;O;;n;;;;
1;Logistic Object;ULD;externalReference;ExternalReference;Reference documents details ;O;;n;;;;
1;Logistic Object;ULD;loadingIndicator;;ULD height or loading limitation code. Refer CXML Code List 1.47,  e.g. R - ULD Height above 244 centimetres;S;;;;CXML 1.47 ULD Loading Indicators;;
1;Logistic Object;ULD;nbDoor;;Number of doors;I;;;;;;
1;Logistic Object;ULD;nbFittings;;Number of fittings;I;;;;;;
1;Logistic Object;ULD;nbNets;;Number of nets;I;;;;;;
1;Logistic Object;ULD;nbStraps;;Number of straps;I;;;;;;
1;Logistic Object;ULD;odlnCode;;"Contains two designator codes of ODLN or Operational Damage Limit Notices. ODLN code is used to define type of damage after visually check the serviceability of ULDs 
section 7, Standard Specifications 40/3 or 40/4 in ULD Regulations";S;;;;;;
1;Logistic Object;ULD;ownerCode;;Owner code of the ULD in aa, an or na format - owner can be an airline or leasing company;S;;;;;;
1;Logistic Object;ULD;uldRemarks;;Remarks or Supplement Information ;S;;;;;;
1;Logistic Object;ULD;uldSealNumber;;ULD seal number if applicable;S;;;;;;
1;Logistic Object;ULD;serialNumber;;ULD serial number;S;;;;;;
1;Logistic Object;ULD;serviceabilityCode;;designator of serviceablity condition e.g. SER or DAM ;S;M;;Y;DAM, SER;;
1;Logistic Object;ULD;tareWeight;Value;Tare weight of the empty ULD;O;;;;;;
1;Logistic Object;ULD;transportSegment;TransportSegment;Segment related to the transport status;O;;n;;;;
1;Logistic Object;ULD;uldTypeCode;;Standard Unit Load Device type code e.g. AKE - Certified Container - Contoured;S;;;;;;
1;Logistic Object;ULD;upid;Piece;Details of contained (virtual) piece(s);O;;n;;;;
0;Logistic Object;Waybill;;;Waybill details;O;;n;;;;
1;Logistic Object;Waybill;booking;BookingOption;Refers to the Booking ;O;;;;;;change of datatype (name) and name
1;Logistic Object;Waybill;containedWaybill;Waybill;Refers to the Waybill(s) contained;O;;n;;;;1
1;Logistic Object;Waybill;destinationCharges;;Charges levied at destination accruing to the last carrier, in destination currency;Do;;;;;;
1;Logistic Object;Waybill;destinationCurrencyCode;;ISO 3-letter currency code of destination;S;;;;;;
1;Logistic Object;Waybill;destinationCurrencyRate;;Conversion rate applied;Do;;;;;;
1;Logistic Object;Waybill;optionalShippingRefNo;;Optional shipping reference number if any;S;;;;;;
1;Logistic Object;Waybill;optionalShippingInfo;;The shipper or its Agent may enter the appropriate optional shipping information as agreed upon with the issuing carrier;S;;;;;;
1;Logistic Object;Waybill;waybillType;;Type of the Waybill: House or Master;S;;;Y;House, Master;;
1;Logistic Object;Waybill;waybillNumber;;House or Master Waybill unique identifier;L;M;;;;;
1;Logistic Object;Waybill;waybillPrefix;;Prefix used for the Waybill Number;I;;;;;;
0;Common Object;Address;;;Address details;O;;n;;;;
1;Common Object;Address;addressCode;;Address identifier using special coding systems e.g. US CBP FIRMS code;S;;n;;;;
1;Common Object;Address;addressCodeType;;Type of address code e.g. US CBP FIRMS;S;;;;;;
1;Common Object;Address;cityCode;;UN/LOCODE city code (5 letter) or IATA city code (3 letter);S;;;;;;
1;Common Object;Address;cityName;;If no CityCode provided, full name of the city ;S;;;;;;
1;Common Object;Address;country;Country;Country ISO code. Refer ISO 3166-2;O;;;;;;
1;Common Object;Address;poBox;;Post Office box number / code;S;;;;;;
1;Common Object;Address;postalCode;;Postal / ZIP code;S;;;;;;
1;Common Object;Address;regionCode;;Region/ State / Department. Refer ISO 3166-2  ;S;;;;;;
1;Common Object;Address;regionName;;If no StateCode provided, full name of the region / state / province / canton;S;;;;;;
1;Common Object;Address;street;;Street address including street name, street number, building number, apartment etc;S;;n;;;;
0;Common Object;Branch;;;Company branches;O;;n;;;;
1;Common Object;Branch;branchName;;Company branch name;S;;;;;;
1;Common Object;Branch;contactPerson;Person;Contact person details;O;;n;;;;
1;Common Object;Branch;company;Company;Refers to the mother company of the branch;O;;;;;;
1;Common Object;Branch;iataCargoAgentLocationIdentifier;;IATA CASS cargo agent 4 digit branch number / location identifier;I;;;;;;
1;Common Object;Branch;location;Location;Location and address details;O;;;;;;
1;Common Object;Branch;otherIdentifier;OtherIdentifier;Other identifiers (e.g. LEI (Legal Entity Identifier), TIN (Trader Identification Number), PIMA address, Account number, VAT/Tax id, Legal Registration id, DUNS number, etc);O;;n;;;;
0;Common Object;Company;;;Company details;O;;n;;;;
1;Common Object;Company;airlineCode;;IATA two-character airline code ;S;;;;;IATA database;
1;Common Object;Company;airlinePrefix;;IATA three-numeric airline prefix number ;I;;;;;IATA database;
1;Common Object;Company;branch;Branch;Company branches;O;;n;;;;
1;Common Object;Company;iataCargoAgentCode;;IATA accredited cargo agent 7 digit number;I;;;;;;
1;Common Object;Company;companyName;;Name of company or organization;S;;;;;;
0;Common Object;Contact;;;Contact details;O;;;;;;
1;Common Object;Contact;contactOther;ContactOther;Other contact options e.g. Skype, Whatsapp, Viber, Fax etc;O;;;;;;
1;Common Object;Contact;emailAddress;;E-mail address;S;;;;;;
1;Common Object;Contact;phoneNumber;;Phone number;S;;;;;;
0;Common Object;ContactOther;;;Other contact options e.g. Skype, Whatsapp, Viber, Fax etc;O;;;;;;
1;Common Object;ContactOther;detail;;Contact details e.g. Skype ID ;S;;;;;;
1;Common Object;ContactOther;type;;Contact type - e.g. Skype ;S;;;;;;
0;Common Object;Country;;;Country details;O;;n;;;;
1;Common Object;Country;countryCode;;Country ISO code. Refer ISO 3166-2;S;;;;;ISO country code;
1;Common Object;Country;countryName;;Full country name;S;;;;;;
0;Common Object;Dimensions;;;Dimension details ;O;;;;;;
1;Common Object;Dimensions;height;Value;Height;O;;;;;;
1;Common Object;Dimensions;length;Value;Lenght;O;;;;;;
1;Common Object;Dimensions;volume;Value;Volume;O;;;;;;
1;Common Object;Dimensions;width;Value;Width;O;;;;;;
0;Common Object;Event;;;Event details;O;;n;;;;
1;Common Object;Event;dateTime;;Date and time of the event;D;M;;;;;
1;Common Object;Event;eventCode;;Movement or milestone code. Refer CXML Code List 1.18, e.g. DEP, ARR, FOH, RCS;S;;;;;;
1;Common Object;Event;eventName;;If no EventCode provided, event name - e.g. Security clearance;S;;;;;;
1;Common Object;Event;eventTypeIndicator;;Indicates type of event e.g.  Scheduled, Estimated, Actual;S;M;;Y;Expected, Planned, Requested, Actual;FEDeRATED Master Plan 5.5;
1;Common Object;Event;linkedObject;;Refers to the URI of the linked object(s);S;;n;;;;
1;Common Object;Event;location;Location;Location of event;O;;;;;;
1;Common Object;Event;performedBy;Company;Party performing the event;O;;;;;;
0;Common Object;EventUld;;;;Sub;;;;;;
1;Common Object;EventUld;loadingPosition;;Position of the shipment in the aircraft - e.g. lower or main deck ;S;;;;CXML 1.26 ULD Loading Codes;;
0;Common Object;ExternalReference;;;Reference documents details;O;;n;;;;
1;Common Object;ExternalReference;documentId;;Unique document identifier;S;;;;;;
1;Common Object;ExternalReference;documentName;;If no DocumentType provided, name of the referenced document ;S;;;;;;
1;Common Object;ExternalReference;documentOriginator;Company;Document originator details and contacts;O;;;;;;
1;Common Object;ExternalReference;documentType;;Type of the referenced document . Refer UNEDIFACT 1001  e.g. 740 - Air Waybill;S;;;;;https://www.unece.org/trade/untdid/d00a/tred/tred1001.htm;
1;Common Object;ExternalReference;documentVersion;;Document version number;S;;;;;;
0;Common Object;Geolocation;;;Geolocation details - e.g. for drones, automated vehicles…;O;;;;;;
1;Common Object;Geolocation;elevation;;Elevation from sea level;D;;;;;;Change of datatype
1;Common Object;Geolocation;latitude;;Location latitude ;D;;;;;;Change of datatype
1;Common Object;Geolocation;longitude;;Location longitude ;D;;;;;;Change of datatype
1;Common Object;Geolocation;geolocationUnit;string;Unit of measure of the Geolocation coordinates, standard is Degree;S;;;;;;
0;Common Object;Location;;;Location details;O;;n;;;;
1;Common Object;Location;address;Address;Address details;O;;;;;;
1;Common Object;Location;code;;Location code of airport, freight terminal, seaport, rail station. UN/LOCODE city code (5 letter) or IATA airport code (3 letter);S;;;;;;
1;Common Object;Location;geoLocation;Geolocation;Geolocation details;O;;;;;;
1;Common Object;Location;locationType;;Location type - e.g. Airport, Freight terminal, Rail station, Seaport, etc;S;;;;;;
1;Common Object;Location;locationName;;Full name of the location;S;;;;;;
0;Common Object;Measurements;;;Measurements details for Sensors, either generic or geolocation measurements are recorded;O;;;;;;
1;Common Object;Measurements;measurementTimestamp;;Timestamp for the measurement;D;M;1;;;;
0;Common Object;MeasurementsGeoloc;;;Measurements details for Geolocation sensors;Sub;;;;;;
1;Common Object;MeasurementsGeoloc;geolocationMeasurement;Geolocation;Geolocation measurements details;;O;1;;;;
0;Common Object;MeasurementsOther;;;Measurements details for sensors that are not geolocation sensors;Sub;;;;;;
1;Common Object;Measurements;genericMeasurement;Value;Value for measurements other than Geolocation, includes value and unit of measure as described in the Interactive Cargo RP;O;O;1;;;;
0;Common Object;OtherIdentifier;;;Other identifier details;O;;n;;;;
1;Common Object;OtherIdentifier;identifier;;Item identifier;S;;;;;;
1;Common Object;OtherIdentifier;type;;Identifier type or description;S;;;;;;
0;Common Object;OtherParty;;;Other Party details;O;;n;;;;
1;Common Object;OtherParty;companyDetails;Company;Company details;O;;;;;;
1;Common Object;OtherParty;partyTypeCode;;Specifies the code of an additional party if required. Standard codes from UN/EDIFACT 3035 Party function code qualifier can be used. ;S;M;;;;;Change of name and cardinality: Mandatory
0;Common Object;Person;;;Person details;O;;n;;;;
1;Common Object;Person;associatedBranch;Branch;Refers to the Branch the person is associated with;O;;;;;;
1;Common Object;Person;contact;Contact;Contact details;O;;;;;;
1;Common Object;Person;contactType;;Contact type - e.g. Emergency contact, Customs contact, Customer contact;S;;;;;;
1;Common Object;Person;department;;Department / Division / Unit;S;;;;;;
1;Common Object;Person;employeeId;;Employee ID;S;;;;;;
1;Common Object;Person;firstName;;First name / given name;S;;;;;;
1;Common Object;Person;jobTitle;;Job title / position;S;;;;;;
1;Common Object;Person;lastName;;Last name / family name / surname;S;;;;;;
1;Common Object;Person;middleName;;Middle name/ other name;S;;;;;;
1;Common Object;Person;salutation;;Salutation ;S;;;;;;
0;Common Object;RegulatedEntity;;;;O;;;;;;
1;Common Object;RegulatedEntity;entity;Branch;Branch/company;O;M;;;;;
1;Common Object;RegulatedEntity;expiryDate;;Expiry date 4 digits month/year;D;M;;;;;
1;Common Object;RegulatedEntity;regulatedEntityIdentifier;Company;Regulated entity identifier (e.g. Regulated Agent Identifier) is mandatory;O;;;;;;
1;Common Object;RegulatedEntity;regulatedEntityCategory;;Party type - e.g. RA - Regulated Agent, KC - Known Consignor, AO - Aircraft Operator, RC - Regulated Carrier;S;;;Y;RA - Regulated Agent, KC - Known Consignor, AO - Aircraft Operator, RC - Regulated Carrier;;
0;Common Object;Value;;;Unit of measurement details;O;M;;;;;
1;Common Object;Value;unit;;Unit of measurement/ unit of account e.g. CMT - Centimetre,  LTR - Litre (1 DM3), KGM - Kilogram, CHF - Swiss Franc;S;;;;;;
1;Common Object;Value;value;;Value;Do;;;;;;
0;Common Object;VolumetricWeight;;;Volumetric weight details;O;;;;;;
1;Common Object;VolumetricWeight;chargeableWeight;Value;Chargeable weight;O;;;;;;
1;Common Object;VolumetricWeight;conversionFactor;Value;Volume to weight conversion factor;O;;;;;;
